{
    "REF": {},
    "RESULTS": {
        "ACCESS1-0": {
            "r1i1p1": {
                "AUS": {
                    "decay_index": 49,
                    "duration": 15,
                    "onset_index": 35,
                    "slope": 0.04484002869910438
                },
                "Sahel": {
                    "decay_index": 46,
                    "duration": 19,
                    "onset_index": 28,
                    "slope": 0.03450343762369387
                }
            }
        },
        "ACCESS1-3": {
            "r1i1p1": {
                "AUS": {
                    "decay_index": 55,
                    "duration": 19,
                    "onset_index": 37,
                    "slope": 0.033454867228844026
                },
                "Sahel": {
                    "decay_index": 45,
                    "duration": 17,
                    "onset_index": 29,
                    "slope": 0.03837334907993753
                }
            }
        },
        "BCC-CSM1-1": {
            "r1i1p1": {
                "AUS": {
                    "decay_index": 51,
                    "duration": 15,
                    "onset_index": 37,
                    "slope": 0.04648171076341607
                },
                "Sahel": {
                    "decay_index": 48,
                    "duration": 19,
                    "onset_index": 30,
                    "slope": 0.03320468955795527
                }
            }
        },
        "BCC-CSM1-1-M": {
            "r1i1p1": {
                "AUS": {
                    "decay_index": 54,
                    "duration": 20,
                    "onset_index": 35,
                    "slope": 0.029473845544818775
                },
                "Sahel": {
                    "decay_index": 48,
                    "duration": 17,
                    "onset_index": 32,
                    "slope": 0.036083645686190394
                }
            }
        },
        "BNU-ESM": {
            "r1i1p1": {
                "AUS": {
                    "decay_index": 53,
                    "duration": 17,
                    "onset_index": 37,
                    "slope": 0.03805215347633588
                },
                "Sahel": {
                    "decay_index": 47,
                    "duration": 15,
                    "onset_index": 33,
                    "slope": 0.04490750608349154
                }
            }
        },
        "CCSM4": {
            "r1i1p1": {
                "AUS": {
                    "decay_index": 49,
                    "duration": 17,
                    "onset_index": 33,
                    "slope": 0.036910136162872254
                },
                "Sahel": {
                    "decay_index": 49,
                    "duration": 17,
                    "onset_index": 33,
                    "slope": 0.036958305053421604
                }
            }
        },
        "CESM1-BGC": {
            "r1i1p1": {
                "AUS": {
                    "decay_index": 53,
                    "duration": 19,
                    "onset_index": 35,
                    "slope": 0.035204252207461144
                },
                "Sahel": {
                    "decay_index": 50,
                    "duration": 20,
                    "onset_index": 31,
                    "slope": 0.03190522074198897
                }
            }
        },
        "CESM1-CAM5": {
            "r1i1p1": {
                "AUS": {
                    "decay_index": 50,
                    "duration": 17,
                    "onset_index": 34,
                    "slope": 0.036025336321858066
                },
                "Sahel": {
                    "decay_index": 50,
                    "duration": 18,
                    "onset_index": 33,
                    "slope": 0.036755426401155304
                }
            }
        },
        "CESM1-FASTCHEM": {
            "r1i1p1": {
                "AUS": {
                    "decay_index": 52,
                    "duration": 19,
                    "onset_index": 34,
                    "slope": 0.03387700983094605
                },
                "Sahel": {
                    "decay_index": 50,
                    "duration": 19,
                    "onset_index": 32,
                    "slope": 0.03441121227915454
                }
            }
        },
        "CMCC-CESM": {
            "r1i1p1": {
                "AUS": {
                    "decay_index": 50,
                    "duration": 15,
                    "onset_index": 36,
                    "slope": 0.041857787115826384
                },
                "Sahel": {
                    "decay_index": 52,
                    "duration": 15,
                    "onset_index": 38,
                    "slope": 0.04329389662775928
                }
            }
        },
        "CMCC-CM": {
            "r1i1p1": {
                "AUS": {
                    "decay_index": 50,
                    "duration": 11,
                    "onset_index": 40,
                    "slope": 0.05806918495244399
                },
                "Sahel": {
                    "decay_index": 50,
                    "duration": 13,
                    "onset_index": 38,
                    "slope": 0.04821129094945478
                }
            }
        },
        "CMCC-CMS": {
            "r1i1p1": {
                "AUS": {
                    "decay_index": 55,
                    "duration": 16,
                    "onset_index": 40,
                    "slope": 0.04061286623565894
                },
                "Sahel": {
                    "decay_index": 52,
                    "duration": 14,
                    "onset_index": 39,
                    "slope": 0.04912777578058955
                }
            }
        },
        "CNRM-CM5": {
            "r1i1p1": {
                "AUS": {
                    "decay_index": 52,
                    "duration": 19,
                    "onset_index": 34,
                    "slope": 0.03375659241956913
                },
                "Sahel": {
                    "decay_index": 50,
                    "duration": 16,
                    "onset_index": 35,
                    "slope": 0.041441483014241776
                }
            }
        },
        "CSIRO-Mk3-6-0": {
            "r1i1p1": {
                "AUS": {
                    "decay_index": 50,
                    "duration": 16,
                    "onset_index": 35,
                    "slope": 0.04020334222161443
                },
                "Sahel": {
                    "decay_index": 51,
                    "duration": 20,
                    "onset_index": 32,
                    "slope": 0.03273349586900537
                }
            }
        },
        "CanCM4": {
            "r1i1p1": {
                "AUS": {
                    "decay_index": 50,
                    "duration": 15,
                    "onset_index": 36,
                    "slope": 0.04208375661273472
                },
                "Sahel": {
                    "decay_index": 48,
                    "duration": 20,
                    "onset_index": 29,
                    "slope": 0.031111599199212015
                }
            }
        },
        "CanESM2": {
            "r1i1p1": {}
        },
        "EC-EARTH": {
            "r1i1p1": {
                "AUS": {
                    "decay_index": 48,
                    "duration": 17,
                    "onset_index": 32,
                    "slope": 0.03815476410526078
                },
                "Sahel": {
                    "decay_index": 48,
                    "duration": 19,
                    "onset_index": 30,
                    "slope": 0.03387142438026599
                }
            }
        },